dataset,phase,strategy,seed,model,init_size,batch,budget,init_size_pct,budget_pct,batch_pct_of_budget,epc,final_labeled_target,step_type,step,labeled_count,split,train_loss,acc,f1_macro,auc,ap,val_mean,select_metric,is_best,tp,fp,tn,fn
octmnist,supervised,full_train_set,17,octmnist-final_supervised-supervised-17.pth,-1,-1,-1,-1,-1,-1,-1,-1,epoch,1,97477,val,0.3066,0.5788,0.5143,0.9419,0.9522,0.7468,mean,1,-1,-1,-1,-1
octmnist,supervised,full_train_set,17,octmnist-final_supervised-supervised-17.pth,-1,-1,-1,-1,-1,-1,-1,-1,epoch,2,97477,val,0.2511,0.9154,0.9153,0.9706,0.9786,0.945,mean,1,-1,-1,-1,-1
octmnist,supervised,full_train_set,17,octmnist-final_supervised-supervised-17.pth,-1,-1,-1,-1,-1,-1,-1,-1,epoch,3,97477,val,0.2116,0.9232,0.9232,0.9739,0.9809,0.9503,mean,1,-1,-1,-1,-1
octmnist,supervised,full_train_set,17,octmnist-final_supervised-supervised-17.pth,-1,-1,-1,-1,-1,-1,-1,-1,epoch,4,97477,val,0.2007,0.927,0.927,0.9767,0.9829,0.9534,mean,1,-1,-1,-1,-1
octmnist,supervised,full_train_set,17,octmnist-final_supervised-supervised-17.pth,-1,-1,-1,-1,-1,-1,-1,-1,epoch,5,97477,val,0.1972,0.8603,0.8565,0.9761,0.9827,0.9189,mean,0,-1,-1,-1,-1
octmnist,supervised,full_train_set,17,octmnist-final_supervised-supervised-17.pth,-1,-1,-1,-1,-1,-1,-1,-1,epoch,6,97477,val,0.1839,0.9253,0.9253,0.9777,0.9836,0.953,mean,0,-1,-1,-1,-1
octmnist,supervised,full_train_set,17,octmnist-final_supervised-supervised-17.pth,-1,-1,-1,-1,-1,-1,-1,-1,epoch,7,97477,val,0.1737,0.9306,0.9305,0.978,0.9839,0.9558,mean,1,-1,-1,-1,-1
octmnist,supervised,full_train_set,17,octmnist-final_supervised-supervised-17.pth,-1,-1,-1,-1,-1,-1,-1,-1,epoch,8,97477,val,0.1659,0.9297,0.9296,0.978,0.9841,0.9554,mean,0,-1,-1,-1,-1
octmnist,supervised,full_train_set,17,octmnist-final_supervised-supervised-17.pth,-1,-1,-1,-1,-1,-1,-1,-1,epoch,9,97477,val,0.1702,0.9018,0.9005,0.9784,0.9842,0.9412,mean,0,-1,-1,-1,-1
octmnist,supervised,full_train_set,17,octmnist-final_supervised-supervised-17.pth,-1,-1,-1,-1,-1,-1,-1,-1,epoch,10,97477,val,0.1549,0.8809,0.8784,0.9793,0.9844,0.9307,mean,0,-1,-1,-1,-1
octmnist,supervised,full_train_set,17,octmnist-final_supervised-supervised-17.pth,-1,-1,-1,-1,-1,-1,-1,-1,epoch,11,97477,val,0.1704,0.911,0.9109,0.9808,0.9859,0.9472,mean,0,-1,-1,-1,-1
octmnist,supervised,full_train_set,17,octmnist-final_supervised-supervised-17.pth,-1,-1,-1,-1,-1,-1,-1,-1,epoch,12,97477,val,0.1444,0.9406,0.9405,0.9828,0.9876,0.9629,mean,1,-1,-1,-1,-1
octmnist,supervised,full_train_set,17,octmnist-final_supervised-supervised-17.pth,-1,-1,-1,-1,-1,-1,-1,-1,epoch,13,97477,val,0.1372,0.926,0.926,0.9825,0.9871,0.9554,mean,0,-1,-1,-1,-1
octmnist,supervised,full_train_set,17,octmnist-final_supervised-supervised-17.pth,-1,-1,-1,-1,-1,-1,-1,-1,epoch,14,97477,val,0.1324,0.9354,0.9352,0.9802,0.9852,0.959,mean,0,-1,-1,-1,-1
octmnist,supervised,full_train_set,17,octmnist-final_supervised-supervised-17.pth,-1,-1,-1,-1,-1,-1,-1,-1,epoch,15,97477,val,0.1557,0.9355,0.9355,0.9822,0.9871,0.9601,mean,0,-1,-1,-1,-1
octmnist,supervised,full_train_set,17,octmnist-final_supervised-supervised-17.pth,-1,-1,-1,-1,-1,-1,-1,-1,epoch,16,97477,val,0.1196,0.936,0.9356,0.9848,0.9889,0.9613,mean,0,-1,-1,-1,-1
octmnist,supervised,full_train_set,17,octmnist-final_supervised-supervised-17.pth,-1,-1,-1,-1,-1,-1,-1,-1,epoch,17,97477,val,0.1147,0.944,0.9439,0.9849,0.989,0.9655,mean,1,-1,-1,-1,-1
octmnist,supervised,full_train_set,17,octmnist-final_supervised-supervised-17.pth,-1,-1,-1,-1,-1,-1,-1,-1,epoch,18,97477,val,0.109,0.9385,0.9382,0.9847,0.9888,0.9626,mean,0,-1,-1,-1,-1
octmnist,supervised,full_train_set,17,octmnist-final_supervised-supervised-17.pth,-1,-1,-1,-1,-1,-1,-1,-1,epoch,19,97477,val,0.1071,0.9074,0.9061,0.9841,0.9885,0.9465,mean,0,-1,-1,-1,-1
octmnist,supervised,full_train_set,17,octmnist-final_supervised-supervised-17.pth,-1,-1,-1,-1,-1,-1,-1,-1,epoch,20,97477,val,0.0996,0.9469,0.9467,0.9856,0.9896,0.9672,mean,1,-1,-1,-1,-1
octmnist,supervised,full_train_set,17,octmnist-final_supervised-supervised-17.pth,-1,-1,-1,-1,-1,-1,-1,-1,epoch,21,97477,val,0.0932,0.9403,0.9403,0.9856,0.9896,0.9639,mean,0,-1,-1,-1,-1
octmnist,supervised,full_train_set,17,octmnist-final_supervised-supervised-17.pth,-1,-1,-1,-1,-1,-1,-1,-1,epoch,22,97477,val,0.0867,0.9442,0.9442,0.983,0.9879,0.9648,mean,0,-1,-1,-1,-1
octmnist,supervised,full_train_set,17,octmnist-final_supervised-supervised-17.pth,-1,-1,-1,-1,-1,-1,-1,-1,epoch,23,97477,val,0.0805,0.9481,0.948,0.9859,0.9897,0.9679,mean,1,-1,-1,-1,-1
octmnist,supervised,full_train_set,17,octmnist-final_supervised-supervised-17.pth,-1,-1,-1,-1,-1,-1,-1,-1,epoch,24,97477,val,0.0777,0.9189,0.9181,0.9825,0.9867,0.9516,mean,0,-1,-1,-1,-1
octmnist,supervised,full_train_set,17,octmnist-final_supervised-supervised-17.pth,-1,-1,-1,-1,-1,-1,-1,-1,epoch,25,97477,val,0.1312,0.9443,0.9443,0.9852,0.9893,0.9658,mean,0,-1,-1,-1,-1
octmnist,supervised,full_train_set,17,octmnist-final_supervised-supervised-17.pth,-1,-1,-1,-1,-1,-1,-1,-1,epoch,26,97477,val,0.0641,0.9483,0.9481,0.9865,0.9902,0.9683,mean,1,-1,-1,-1,-1
octmnist,supervised,full_train_set,17,octmnist-final_supervised-supervised-17.pth,-1,-1,-1,-1,-1,-1,-1,-1,epoch,27,97477,val,0.0608,0.9501,0.9501,0.9849,0.9891,0.9686,mean,1,-1,-1,-1,-1
octmnist,supervised,full_train_set,17,octmnist-final_supervised-supervised-17.pth,-1,-1,-1,-1,-1,-1,-1,-1,epoch,28,97477,val,0.0653,0.8756,0.8722,0.9857,0.9888,0.9306,mean,0,-1,-1,-1,-1
octmnist,supervised,full_train_set,17,octmnist-final_supervised-supervised-17.pth,-1,-1,-1,-1,-1,-1,-1,-1,epoch,29,97477,val,0.0553,0.9468,0.9467,0.9855,0.9896,0.9672,mean,0,-1,-1,-1,-1
octmnist,supervised,full_train_set,17,octmnist-final_supervised-supervised-17.pth,-1,-1,-1,-1,-1,-1,-1,-1,epoch,30,97477,val,0.051,0.9063,0.9049,0.9841,0.9881,0.9458,mean,0,-1,-1,-1,-1
octmnist,supervised,full_train_set,17,octmnist-final_supervised-supervised-17.pth,-1,-1,-1,-1,-1,-1,-1,-1,epoch,31,97477,val,0.0503,0.9508,0.9506,0.9857,0.9898,0.9692,mean,1,-1,-1,-1,-1
octmnist,supervised,full_train_set,17,octmnist-final_supervised-supervised-17.pth,-1,-1,-1,-1,-1,-1,-1,-1,epoch,32,97477,val,0.0445,0.9135,0.9134,0.9789,0.985,0.9477,mean,0,-1,-1,-1,-1
octmnist,supervised,full_train_set,17,octmnist-final_supervised-supervised-17.pth,-1,-1,-1,-1,-1,-1,-1,-1,epoch,33,97477,val,0.0429,0.9333,0.9333,0.9844,0.9888,0.96,mean,0,-1,-1,-1,-1
octmnist,supervised,full_train_set,17,octmnist-final_supervised-supervised-17.pth,-1,-1,-1,-1,-1,-1,-1,-1,final,-1,97477,test,-1,0.908,0.8825,0.9592,0.9874,,mean,-1,687,29,221,63
octmnist,supervised,full_train_set,246,octmnist-final_supervised-supervised-246.pth,-1,-1,-1,-1,-1,-1,-1,-1,epoch,1,97477,val,0.3059,0.8307,0.8287,0.961,0.9706,0.8977,mean,1,-1,-1,-1,-1
octmnist,supervised,full_train_set,246,octmnist-final_supervised-supervised-246.pth,-1,-1,-1,-1,-1,-1,-1,-1,epoch,2,97477,val,0.2359,0.9165,0.9163,0.9714,0.9788,0.9457,mean,1,-1,-1,-1,-1
octmnist,supervised,full_train_set,246,octmnist-final_supervised-supervised-246.pth,-1,-1,-1,-1,-1,-1,-1,-1,epoch,3,97477,val,0.2095,0.8936,0.8923,0.9735,0.9807,0.935,mean,0,-1,-1,-1,-1
octmnist,supervised,full_train_set,246,octmnist-final_supervised-supervised-246.pth,-1,-1,-1,-1,-1,-1,-1,-1,epoch,4,97477,val,0.1964,0.9176,0.9172,0.9725,0.9802,0.9469,mean,1,-1,-1,-1,-1
octmnist,supervised,full_train_set,246,octmnist-final_supervised-supervised-246.pth,-1,-1,-1,-1,-1,-1,-1,-1,epoch,5,97477,val,0.183,0.9174,0.9174,0.9787,0.9843,0.9494,mean,1,-1,-1,-1,-1
octmnist,supervised,full_train_set,246,octmnist-final_supervised-supervised-246.pth,-1,-1,-1,-1,-1,-1,-1,-1,epoch,6,97477,val,0.1769,0.9322,0.9322,0.979,0.9846,0.957,mean,1,-1,-1,-1,-1
octmnist,supervised,full_train_set,246,octmnist-final_supervised-supervised-246.pth,-1,-1,-1,-1,-1,-1,-1,-1,epoch,7,97477,val,0.1672,0.854,0.8529,0.9706,0.9783,0.914,mean,0,-1,-1,-1,-1
octmnist,supervised,full_train_set,246,octmnist-final_supervised-supervised-246.pth,-1,-1,-1,-1,-1,-1,-1,-1,epoch,8,97477,val,0.193,0.9311,0.9311,0.9797,0.9853,0.9568,mean,0,-1,-1,-1,-1
octmnist,supervised,full_train_set,246,octmnist-final_supervised-supervised-246.pth,-1,-1,-1,-1,-1,-1,-1,-1,epoch,9,97477,val,0.1561,0.8608,0.8566,0.9803,0.9856,0.9208,mean,0,-1,-1,-1,-1
octmnist,supervised,full_train_set,246,octmnist-final_supervised-supervised-246.pth,-1,-1,-1,-1,-1,-1,-1,-1,epoch,10,97477,val,0.1454,0.9012,0.9011,0.9805,0.9859,0.9422,mean,0,-1,-1,-1,-1
octmnist,supervised,full_train_set,246,octmnist-final_supervised-supervised-246.pth,-1,-1,-1,-1,-1,-1,-1,-1,epoch,11,97477,val,0.1407,0.937,0.937,0.9826,0.9874,0.961,mean,1,-1,-1,-1,-1
octmnist,supervised,full_train_set,246,octmnist-final_supervised-supervised-246.pth,-1,-1,-1,-1,-1,-1,-1,-1,epoch,12,97477,val,0.1361,0.9189,0.9188,0.9812,0.9864,0.9513,mean,0,-1,-1,-1,-1
octmnist,supervised,full_train_set,246,octmnist-final_supervised-supervised-246.pth,-1,-1,-1,-1,-1,-1,-1,-1,epoch,13,97477,val,0.1264,0.9369,0.9367,0.9842,0.9885,0.9616,mean,1,-1,-1,-1,-1
octmnist,supervised,full_train_set,246,octmnist-final_supervised-supervised-246.pth,-1,-1,-1,-1,-1,-1,-1,-1,epoch,14,97477,val,0.138,0.938,0.9377,0.9848,0.9887,0.9623,mean,1,-1,-1,-1,-1
octmnist,supervised,full_train_set,246,octmnist-final_supervised-supervised-246.pth,-1,-1,-1,-1,-1,-1,-1,-1,epoch,15,97477,val,0.1073,0.9469,0.9468,0.9847,0.9889,0.9669,mean,1,-1,-1,-1,-1
octmnist,supervised,full_train_set,246,octmnist-final_supervised-supervised-246.pth,-1,-1,-1,-1,-1,-1,-1,-1,epoch,16,97477,val,0.102,0.933,0.933,0.9832,0.9875,0.9592,mean,0,-1,-1,-1,-1
octmnist,supervised,full_train_set,246,octmnist-final_supervised-supervised-246.pth,-1,-1,-1,-1,-1,-1,-1,-1,epoch,17,97477,val,0.0935,0.9271,0.9264,0.986,0.9896,0.9573,mean,0,-1,-1,-1,-1
octmnist,supervised,full_train_set,246,octmnist-final_supervised-supervised-246.pth,-1,-1,-1,-1,-1,-1,-1,-1,epoch,18,97477,val,0.0895,0.931,0.9305,0.9853,0.9891,0.959,mean,0,-1,-1,-1,-1
octmnist,supervised,full_train_set,246,octmnist-final_supervised-supervised-246.pth,-1,-1,-1,-1,-1,-1,-1,-1,epoch,19,97477,val,0.0813,0.914,0.9129,0.9836,0.9882,0.9497,mean,0,-1,-1,-1,-1
octmnist,supervised,full_train_set,246,octmnist-final_supervised-supervised-246.pth,-1,-1,-1,-1,-1,-1,-1,-1,epoch,20,97477,val,0.0831,0.9197,0.919,0.9796,0.9853,0.9509,mean,0,-1,-1,-1,-1
octmnist,supervised,full_train_set,246,octmnist-final_supervised-supervised-246.pth,-1,-1,-1,-1,-1,-1,-1,-1,final,-1,97477,test,-1,0.904,0.8802,0.9648,0.9891,,mean,-1,675,21,229,75
octmnist,supervised,full_train_set,9012,octmnist-final_supervised-supervised-9012.pth,-1,-1,-1,-1,-1,-1,-1,-1,epoch,1,97477,val,0.3067,0.8804,0.88,0.9669,0.9758,0.9258,mean,1,-1,-1,-1,-1
octmnist,supervised,full_train_set,9012,octmnist-final_supervised-supervised-9012.pth,-1,-1,-1,-1,-1,-1,-1,-1,epoch,2,97477,val,0.2271,0.9061,0.9054,0.9722,0.9798,0.9409,mean,1,-1,-1,-1,-1
octmnist,supervised,full_train_set,9012,octmnist-final_supervised-supervised-9012.pth,-1,-1,-1,-1,-1,-1,-1,-1,epoch,3,97477,val,0.2199,0.9225,0.9224,0.9741,0.981,0.95,mean,1,-1,-1,-1,-1
octmnist,supervised,full_train_set,9012,octmnist-final_supervised-supervised-9012.pth,-1,-1,-1,-1,-1,-1,-1,-1,epoch,4,97477,val,0.1956,0.8594,0.8563,0.9652,0.9734,0.9136,mean,0,-1,-1,-1,-1
octmnist,supervised,full_train_set,9012,octmnist-final_supervised-supervised-9012.pth,-1,-1,-1,-1,-1,-1,-1,-1,epoch,5,97477,val,0.2016,0.923,0.923,0.9757,0.9824,0.951,mean,1,-1,-1,-1,-1
octmnist,supervised,full_train_set,9012,octmnist-final_supervised-supervised-9012.pth,-1,-1,-1,-1,-1,-1,-1,-1,epoch,6,97477,val,0.1796,0.9196,0.9191,0.9787,0.9846,0.9505,mean,0,-1,-1,-1,-1
octmnist,supervised,full_train_set,9012,octmnist-final_supervised-supervised-9012.pth,-1,-1,-1,-1,-1,-1,-1,-1,epoch,7,97477,val,0.1723,0.8572,0.8561,0.971,0.9791,0.9159,mean,0,-1,-1,-1,-1
octmnist,supervised,full_train_set,9012,octmnist-final_supervised-supervised-9012.pth,-1,-1,-1,-1,-1,-1,-1,-1,epoch,8,97477,val,0.1736,0.8283,0.8208,0.9731,0.9798,0.9005,mean,0,-1,-1,-1,-1
octmnist,supervised,full_train_set,9012,octmnist-final_supervised-supervised-9012.pth,-1,-1,-1,-1,-1,-1,-1,-1,epoch,9,97477,val,0.1631,0.8107,0.8002,0.9795,0.9851,0.8939,mean,0,-1,-1,-1,-1
octmnist,supervised,full_train_set,9012,octmnist-final_supervised-supervised-9012.pth,-1,-1,-1,-1,-1,-1,-1,-1,epoch,10,97477,val,0.1594,0.8413,0.8412,0.9253,0.9371,0.8862,mean,0,-1,-1,-1,-1
octmnist,supervised,full_train_set,9012,octmnist-final_supervised-supervised-9012.pth,-1,-1,-1,-1,-1,-1,-1,-1,final,-1,97477,test,-1,0.886,0.861,0.9634,0.9886,,mean,-1,655,19,231,95
octmnist,supervised,full_train_set,34895,octmnist-final_supervised-supervised-34895.pth,-1,-1,-1,-1,-1,-1,-1,-1,epoch,1,97477,val,0.3042,0.7496,0.7269,0.9637,0.9728,0.8532,mean,1,-1,-1,-1,-1
octmnist,supervised,full_train_set,34895,octmnist-final_supervised-supervised-34895.pth,-1,-1,-1,-1,-1,-1,-1,-1,epoch,2,97477,val,0.2272,0.9105,0.9102,0.969,0.9775,0.9418,mean,1,-1,-1,-1,-1
octmnist,supervised,full_train_set,34895,octmnist-final_supervised-supervised-34895.pth,-1,-1,-1,-1,-1,-1,-1,-1,epoch,3,97477,val,0.2043,0.8775,0.877,0.9697,0.9779,0.9255,mean,0,-1,-1,-1,-1
octmnist,supervised,full_train_set,34895,octmnist-final_supervised-supervised-34895.pth,-1,-1,-1,-1,-1,-1,-1,-1,epoch,4,97477,val,0.1932,0.9179,0.9178,0.9729,0.98,0.9471,mean,1,-1,-1,-1,-1
octmnist,supervised,full_train_set,34895,octmnist-final_supervised-supervised-34895.pth,-1,-1,-1,-1,-1,-1,-1,-1,epoch,5,97477,val,0.1852,0.8775,0.8749,0.9758,0.9821,0.9276,mean,0,-1,-1,-1,-1
octmnist,supervised,full_train_set,34895,octmnist-final_supervised-supervised-34895.pth,-1,-1,-1,-1,-1,-1,-1,-1,epoch,6,97477,val,0.2048,0.8811,0.8807,0.97,0.978,0.9275,mean,0,-1,-1,-1,-1
octmnist,supervised,full_train_set,34895,octmnist-final_supervised-supervised-34895.pth,-1,-1,-1,-1,-1,-1,-1,-1,epoch,7,97477,val,0.1762,0.9292,0.9292,0.9795,0.9851,0.9558,mean,1,-1,-1,-1,-1
octmnist,supervised,full_train_set,34895,octmnist-final_supervised-supervised-34895.pth,-1,-1,-1,-1,-1,-1,-1,-1,epoch,8,97477,val,0.1644,0.9191,0.9185,0.9784,0.9837,0.95,mean,0,-1,-1,-1,-1
octmnist,supervised,full_train_set,34895,octmnist-final_supervised-supervised-34895.pth,-1,-1,-1,-1,-1,-1,-1,-1,epoch,9,97477,val,0.1595,0.9396,0.9396,0.9805,0.986,0.9614,mean,1,-1,-1,-1,-1
octmnist,supervised,full_train_set,34895,octmnist-final_supervised-supervised-34895.pth,-1,-1,-1,-1,-1,-1,-1,-1,epoch,10,97477,val,0.1588,0.9349,0.9346,0.9829,0.9877,0.96,mean,0,-1,-1,-1,-1
octmnist,supervised,full_train_set,34895,octmnist-final_supervised-supervised-34895.pth,-1,-1,-1,-1,-1,-1,-1,-1,epoch,11,97477,val,0.1444,0.9363,0.9361,0.9825,0.9872,0.9605,mean,0,-1,-1,-1,-1
octmnist,supervised,full_train_set,34895,octmnist-final_supervised-supervised-34895.pth,-1,-1,-1,-1,-1,-1,-1,-1,epoch,12,97477,val,0.1599,0.9407,0.9407,0.982,0.987,0.9626,mean,1,-1,-1,-1,-1
octmnist,supervised,full_train_set,34895,octmnist-final_supervised-supervised-34895.pth,-1,-1,-1,-1,-1,-1,-1,-1,epoch,13,97477,val,0.1359,0.9148,0.9148,0.9781,0.9844,0.948,mean,0,-1,-1,-1,-1
octmnist,supervised,full_train_set,34895,octmnist-final_supervised-supervised-34895.pth,-1,-1,-1,-1,-1,-1,-1,-1,epoch,14,97477,val,0.1331,0.9435,0.9434,0.9838,0.9884,0.9648,mean,1,-1,-1,-1,-1
octmnist,supervised,full_train_set,34895,octmnist-final_supervised-supervised-34895.pth,-1,-1,-1,-1,-1,-1,-1,-1,epoch,15,97477,val,0.1195,0.9423,0.9422,0.9823,0.9873,0.9635,mean,0,-1,-1,-1,-1
octmnist,supervised,full_train_set,34895,octmnist-final_supervised-supervised-34895.pth,-1,-1,-1,-1,-1,-1,-1,-1,epoch,16,97477,val,0.1476,0.9443,0.9443,0.984,0.9886,0.9653,mean,1,-1,-1,-1,-1
octmnist,supervised,full_train_set,34895,octmnist-final_supervised-supervised-34895.pth,-1,-1,-1,-1,-1,-1,-1,-1,epoch,17,97477,val,0.1117,0.9409,0.9409,0.9836,0.9882,0.9634,mean,0,-1,-1,-1,-1
octmnist,supervised,full_train_set,34895,octmnist-final_supervised-supervised-34895.pth,-1,-1,-1,-1,-1,-1,-1,-1,epoch,18,97477,val,0.1016,0.95,0.9499,0.9853,0.9895,0.9687,mean,1,-1,-1,-1,-1
octmnist,supervised,full_train_set,34895,octmnist-final_supervised-supervised-34895.pth,-1,-1,-1,-1,-1,-1,-1,-1,epoch,19,97477,val,0.0958,0.9475,0.9474,0.9845,0.9889,0.9671,mean,0,-1,-1,-1,-1
octmnist,supervised,full_train_set,34895,octmnist-final_supervised-supervised-34895.pth,-1,-1,-1,-1,-1,-1,-1,-1,epoch,20,97477,val,0.0904,0.9493,0.9493,0.9854,0.9895,0.9684,mean,0,-1,-1,-1,-1
octmnist,supervised,full_train_set,34895,octmnist-final_supervised-supervised-34895.pth,-1,-1,-1,-1,-1,-1,-1,-1,epoch,21,97477,val,0.0847,0.9242,0.9235,0.9832,0.9874,0.9546,mean,0,-1,-1,-1,-1
octmnist,supervised,full_train_set,34895,octmnist-final_supervised-supervised-34895.pth,-1,-1,-1,-1,-1,-1,-1,-1,epoch,22,97477,val,0.0775,0.9505,0.9504,0.986,0.99,0.9692,mean,1,-1,-1,-1,-1
octmnist,supervised,full_train_set,34895,octmnist-final_supervised-supervised-34895.pth,-1,-1,-1,-1,-1,-1,-1,-1,epoch,23,97477,val,0.0708,0.946,0.946,0.9851,0.9893,0.9666,mean,0,-1,-1,-1,-1
octmnist,supervised,full_train_set,34895,octmnist-final_supervised-supervised-34895.pth,-1,-1,-1,-1,-1,-1,-1,-1,epoch,24,97477,val,0.0674,0.9223,0.9215,0.9849,0.9891,0.9544,mean,0,-1,-1,-1,-1
octmnist,supervised,full_train_set,34895,octmnist-final_supervised-supervised-34895.pth,-1,-1,-1,-1,-1,-1,-1,-1,epoch,25,97477,val,0.0629,0.9312,0.9306,0.9869,0.9907,0.9599,mean,0,-1,-1,-1,-1
octmnist,supervised,full_train_set,34895,octmnist-final_supervised-supervised-34895.pth,-1,-1,-1,-1,-1,-1,-1,-1,epoch,26,97477,val,0.0566,0.9507,0.9506,0.9853,0.9897,0.9691,mean,0,-1,-1,-1,-1
octmnist,supervised,full_train_set,34895,octmnist-final_supervised-supervised-34895.pth,-1,-1,-1,-1,-1,-1,-1,-1,epoch,27,97477,val,0.0516,0.9428,0.9425,0.9851,0.9894,0.965,mean,0,-1,-1,-1,-1
octmnist,supervised,full_train_set,34895,octmnist-final_supervised-supervised-34895.pth,-1,-1,-1,-1,-1,-1,-1,-1,final,-1,97477,test,-1,0.911,0.8856,0.9638,0.9885,,mean,-1,691,30,220,59
octmnist,supervised,full_train_set,148932,octmnist-final_supervised-supervised-148932.pth,-1,-1,-1,-1,-1,-1,-1,-1,epoch,1,97477,val,0.3131,0.8868,0.8866,0.9633,0.9732,0.9275,mean,1,-1,-1,-1,-1
octmnist,supervised,full_train_set,148932,octmnist-final_supervised-supervised-148932.pth,-1,-1,-1,-1,-1,-1,-1,-1,epoch,2,97477,val,0.2336,0.8777,0.8758,0.9684,0.9763,0.9245,mean,0,-1,-1,-1,-1
octmnist,supervised,full_train_set,148932,octmnist-final_supervised-supervised-148932.pth,-1,-1,-1,-1,-1,-1,-1,-1,epoch,3,97477,val,0.2081,0.8713,0.8707,0.9671,0.9764,0.9214,mean,0,-1,-1,-1,-1
octmnist,supervised,full_train_set,148932,octmnist-final_supervised-supervised-148932.pth,-1,-1,-1,-1,-1,-1,-1,-1,epoch,4,97477,val,0.1956,0.9003,0.9002,0.9765,0.9827,0.9399,mean,1,-1,-1,-1,-1
octmnist,supervised,full_train_set,148932,octmnist-final_supervised-supervised-148932.pth,-1,-1,-1,-1,-1,-1,-1,-1,epoch,5,97477,val,0.2087,0.9155,0.9155,0.9726,0.9801,0.9459,mean,1,-1,-1,-1,-1
octmnist,supervised,full_train_set,148932,octmnist-final_supervised-supervised-148932.pth,-1,-1,-1,-1,-1,-1,-1,-1,epoch,6,97477,val,0.2074,0.9317,0.9316,0.9778,0.9838,0.9562,mean,1,-1,-1,-1,-1
octmnist,supervised,full_train_set,148932,octmnist-final_supervised-supervised-148932.pth,-1,-1,-1,-1,-1,-1,-1,-1,epoch,7,97477,val,0.1792,0.9178,0.9178,0.9759,0.9825,0.9485,mean,0,-1,-1,-1,-1
octmnist,supervised,full_train_set,148932,octmnist-final_supervised-supervised-148932.pth,-1,-1,-1,-1,-1,-1,-1,-1,epoch,8,97477,val,0.1682,0.9368,0.9367,0.9803,0.9857,0.9599,mean,1,-1,-1,-1,-1
octmnist,supervised,full_train_set,148932,octmnist-final_supervised-supervised-148932.pth,-1,-1,-1,-1,-1,-1,-1,-1,epoch,9,97477,val,0.1664,0.9189,0.9189,0.9758,0.9821,0.9489,mean,0,-1,-1,-1,-1
octmnist,supervised,full_train_set,148932,octmnist-final_supervised-supervised-148932.pth,-1,-1,-1,-1,-1,-1,-1,-1,epoch,10,97477,val,0.1554,0.8957,0.894,0.9803,0.9856,0.9389,mean,0,-1,-1,-1,-1
octmnist,supervised,full_train_set,148932,octmnist-final_supervised-supervised-148932.pth,-1,-1,-1,-1,-1,-1,-1,-1,epoch,11,97477,val,0.1484,0.9365,0.9365,0.9807,0.9862,0.96,mean,0,-1,-1,-1,-1
octmnist,supervised,full_train_set,148932,octmnist-final_supervised-supervised-148932.pth,-1,-1,-1,-1,-1,-1,-1,-1,epoch,12,97477,val,0.1493,0.8172,0.8078,0.9743,0.9794,0.8947,mean,0,-1,-1,-1,-1
octmnist,supervised,full_train_set,148932,octmnist-final_supervised-supervised-148932.pth,-1,-1,-1,-1,-1,-1,-1,-1,epoch,13,97477,val,0.1603,0.9112,0.9112,0.9693,0.9772,0.9422,mean,0,-1,-1,-1,-1
octmnist,supervised,full_train_set,148932,octmnist-final_supervised-supervised-148932.pth,-1,-1,-1,-1,-1,-1,-1,-1,final,-1,97477,test,-1,0.885,0.8619,0.97,0.9904,,mean,-1,647,12,238,103
pathmnist,supervised,full_train_set,17,pathmnist-final_supervised-supervised-17.pth,-1,-1,-1,-1,-1,-1,-1,-1,epoch,1,70086,val,0.2738,0.9107,0.9104,0.9698,0.9639,0.9387,mean,1,-1,-1,-1,-1
pathmnist,supervised,full_train_set,17,pathmnist-final_supervised-supervised-17.pth,-1,-1,-1,-1,-1,-1,-1,-1,epoch,2,70086,val,0.1845,0.7932,0.7784,0.9333,0.9311,0.859,mean,0,-1,-1,-1,-1
pathmnist,supervised,full_train_set,17,pathmnist-final_supervised-supervised-17.pth,-1,-1,-1,-1,-1,-1,-1,-1,epoch,3,70086,val,0.1498,0.6576,0.6231,0.8308,0.7633,0.7187,mean,0,-1,-1,-1,-1
pathmnist,supervised,full_train_set,17,pathmnist-final_supervised-supervised-17.pth,-1,-1,-1,-1,-1,-1,-1,-1,epoch,4,70086,val,0.1568,0.7848,0.7708,0.9334,0.9202,0.8523,mean,0,-1,-1,-1,-1
pathmnist,supervised,full_train_set,17,pathmnist-final_supervised-supervised-17.pth,-1,-1,-1,-1,-1,-1,-1,-1,epoch,5,70086,val,0.1657,0.8917,0.8913,0.9645,0.9605,0.927,mean,0,-1,-1,-1,-1
pathmnist,supervised,full_train_set,17,pathmnist-final_supervised-supervised-17.pth,-1,-1,-1,-1,-1,-1,-1,-1,epoch,6,70086,val,0.1167,0.9203,0.919,0.9867,0.9856,0.9529,mean,1,-1,-1,-1,-1
pathmnist,supervised,full_train_set,17,pathmnist-final_supervised-supervised-17.pth,-1,-1,-1,-1,-1,-1,-1,-1,epoch,7,70086,val,0.1014,0.8831,0.8822,0.9558,0.9488,0.9175,mean,0,-1,-1,-1,-1
pathmnist,supervised,full_train_set,17,pathmnist-final_supervised-supervised-17.pth,-1,-1,-1,-1,-1,-1,-1,-1,epoch,8,70086,val,0.1041,0.5642,0.4429,0.698,0.6211,0.5815,mean,0,-1,-1,-1,-1
pathmnist,supervised,full_train_set,17,pathmnist-final_supervised-supervised-17.pth,-1,-1,-1,-1,-1,-1,-1,-1,epoch,9,70086,val,0.1352,0.9163,0.9156,0.9774,0.9721,0.9453,mean,0,-1,-1,-1,-1
pathmnist,supervised,full_train_set,17,pathmnist-final_supervised-supervised-17.pth,-1,-1,-1,-1,-1,-1,-1,-1,epoch,10,70086,val,0.0816,0.9408,0.9406,0.9848,0.9823,0.9621,mean,1,-1,-1,-1,-1
pathmnist,supervised,full_train_set,17,pathmnist-final_supervised-supervised-17.pth,-1,-1,-1,-1,-1,-1,-1,-1,epoch,11,70086,val,0.0792,0.9177,0.9173,0.975,0.9722,0.9456,mean,0,-1,-1,-1,-1
pathmnist,supervised,full_train_set,17,pathmnist-final_supervised-supervised-17.pth,-1,-1,-1,-1,-1,-1,-1,-1,epoch,12,70086,val,0.0552,0.9202,0.9198,0.9765,0.9727,0.9473,mean,0,-1,-1,-1,-1
pathmnist,supervised,full_train_set,17,pathmnist-final_supervised-supervised-17.pth,-1,-1,-1,-1,-1,-1,-1,-1,epoch,13,70086,val,0.0514,0.8846,0.8827,0.9638,0.9587,0.9225,mean,0,-1,-1,-1,-1
pathmnist,supervised,full_train_set,17,pathmnist-final_supervised-supervised-17.pth,-1,-1,-1,-1,-1,-1,-1,-1,epoch,14,70086,val,0.0458,0.8379,0.8355,0.9265,0.9131,0.8782,mean,0,-1,-1,-1,-1
pathmnist,supervised,full_train_set,17,pathmnist-final_supervised-supervised-17.pth,-1,-1,-1,-1,-1,-1,-1,-1,epoch,15,70086,val,0.0455,0.7144,0.7049,0.8227,0.7868,0.7572,mean,0,-1,-1,-1,-1
pathmnist,supervised,full_train_set,17,pathmnist-final_supervised-supervised-17.pth,-1,-1,-1,-1,-1,-1,-1,-1,final,-1,70086,test,-1,0.8623,0.854,0.9411,0.8895,,mean,-1,1781,573,3133,212
pathmnist,supervised,full_train_set,246,pathmnist-final_supervised-supervised-246.pth,-1,-1,-1,-1,-1,-1,-1,-1,epoch,1,70086,val,0.271,0.8909,0.8902,0.962,0.9528,0.924,mean,1,-1,-1,-1,-1
pathmnist,supervised,full_train_set,246,pathmnist-final_supervised-supervised-246.pth,-1,-1,-1,-1,-1,-1,-1,-1,epoch,2,70086,val,0.2029,0.7534,0.7413,0.8969,0.875,0.8167,mean,0,-1,-1,-1,-1
pathmnist,supervised,full_train_set,246,pathmnist-final_supervised-supervised-246.pth,-1,-1,-1,-1,-1,-1,-1,-1,epoch,3,70086,val,0.1528,0.8355,0.8298,0.9517,0.9343,0.8878,mean,0,-1,-1,-1,-1
pathmnist,supervised,full_train_set,246,pathmnist-final_supervised-supervised-246.pth,-1,-1,-1,-1,-1,-1,-1,-1,epoch,4,70086,val,0.1295,0.8758,0.875,0.9457,0.9343,0.9077,mean,0,-1,-1,-1,-1
pathmnist,supervised,full_train_set,246,pathmnist-final_supervised-supervised-246.pth,-1,-1,-1,-1,-1,-1,-1,-1,epoch,5,70086,val,0.1096,0.7993,0.7992,0.867,0.82,0.8213,mean,0,-1,-1,-1,-1
pathmnist,supervised,full_train_set,246,pathmnist-final_supervised-supervised-246.pth,-1,-1,-1,-1,-1,-1,-1,-1,epoch,6,70086,val,0.1017,0.8378,0.8336,0.9244,0.926,0.8804,mean,0,-1,-1,-1,-1
pathmnist,supervised,full_train_set,246,pathmnist-final_supervised-supervised-246.pth,-1,-1,-1,-1,-1,-1,-1,-1,final,-1,70086,test,-1,0.877,0.8695,0.9469,0.9034,,mean,-1,1816,524,3182,177
pathmnist,supervised,full_train_set,9012,pathmnist-final_supervised-supervised-9012.pth,-1,-1,-1,-1,-1,-1,-1,-1,epoch,1,70086,val,0.2746,0.7744,0.7587,0.9317,0.9048,0.8424,mean,1,-1,-1,-1,-1
pathmnist,supervised,full_train_set,9012,pathmnist-final_supervised-supervised-9012.pth,-1,-1,-1,-1,-1,-1,-1,-1,epoch,2,70086,val,0.1863,0.6875,0.6472,0.882,0.8471,0.7659,mean,0,-1,-1,-1,-1
pathmnist,supervised,full_train_set,9012,pathmnist-final_supervised-supervised-9012.pth,-1,-1,-1,-1,-1,-1,-1,-1,epoch,3,70086,val,0.16,0.8894,0.887,0.9729,0.9693,0.9296,mean,1,-1,-1,-1,-1
pathmnist,supervised,full_train_set,9012,pathmnist-final_supervised-supervised-9012.pth,-1,-1,-1,-1,-1,-1,-1,-1,epoch,4,70086,val,0.1421,0.8023,0.7951,0.9046,0.8972,0.8498,mean,0,-1,-1,-1,-1
pathmnist,supervised,full_train_set,9012,pathmnist-final_supervised-supervised-9012.pth,-1,-1,-1,-1,-1,-1,-1,-1,epoch,5,70086,val,0.1122,0.8765,0.8765,0.9496,0.9361,0.9097,mean,0,-1,-1,-1,-1
pathmnist,supervised,full_train_set,9012,pathmnist-final_supervised-supervised-9012.pth,-1,-1,-1,-1,-1,-1,-1,-1,epoch,6,70086,val,0.0964,0.9051,0.9051,0.9712,0.964,0.9364,mean,1,-1,-1,-1,-1
pathmnist,supervised,full_train_set,9012,pathmnist-final_supervised-supervised-9012.pth,-1,-1,-1,-1,-1,-1,-1,-1,epoch,7,70086,val,0.0861,0.9218,0.9218,0.9796,0.9748,0.9495,mean,1,-1,-1,-1,-1
pathmnist,supervised,full_train_set,9012,pathmnist-final_supervised-supervised-9012.pth,-1,-1,-1,-1,-1,-1,-1,-1,epoch,8,70086,val,0.0917,0.9467,0.9464,0.9881,0.9852,0.9666,mean,1,-1,-1,-1,-1
pathmnist,supervised,full_train_set,9012,pathmnist-final_supervised-supervised-9012.pth,-1,-1,-1,-1,-1,-1,-1,-1,epoch,9,70086,val,0.0645,0.9494,0.9492,0.9903,0.9883,0.9693,mean,1,-1,-1,-1,-1
pathmnist,supervised,full_train_set,9012,pathmnist-final_supervised-supervised-9012.pth,-1,-1,-1,-1,-1,-1,-1,-1,epoch,10,70086,val,0.0541,0.8802,0.8777,0.9695,0.962,0.9223,mean,0,-1,-1,-1,-1
pathmnist,supervised,full_train_set,9012,pathmnist-final_supervised-supervised-9012.pth,-1,-1,-1,-1,-1,-1,-1,-1,epoch,11,70086,val,0.0484,0.8639,0.8637,0.9554,0.9453,0.9071,mean,0,-1,-1,-1,-1
pathmnist,supervised,full_train_set,9012,pathmnist-final_supervised-supervised-9012.pth,-1,-1,-1,-1,-1,-1,-1,-1,epoch,12,70086,val,0.0445,0.9252,0.9244,0.9815,0.9777,0.9522,mean,0,-1,-1,-1,-1
pathmnist,supervised,full_train_set,9012,pathmnist-final_supervised-supervised-9012.pth,-1,-1,-1,-1,-1,-1,-1,-1,epoch,13,70086,val,0.0416,0.7687,0.7652,0.8611,0.8341,0.8073,mean,0,-1,-1,-1,-1
pathmnist,supervised,full_train_set,9012,pathmnist-final_supervised-supervised-9012.pth,-1,-1,-1,-1,-1,-1,-1,-1,epoch,14,70086,val,0.0377,0.8035,0.793,0.9395,0.9288,0.8662,mean,0,-1,-1,-1,-1
pathmnist,supervised,full_train_set,9012,pathmnist-final_supervised-supervised-9012.pth,-1,-1,-1,-1,-1,-1,-1,-1,final,-1,70086,test,-1,0.8849,0.8788,0.9639,0.937,,mean,-1,1881,544,3162,112
pathmnist,supervised,full_train_set,34895,pathmnist-final_supervised-supervised-34895.pth,-1,-1,-1,-1,-1,-1,-1,-1,epoch,1,70086,val,0.2825,0.7411,0.7386,0.8339,0.7272,0.7602,mean,1,-1,-1,-1,-1
pathmnist,supervised,full_train_set,34895,pathmnist-final_supervised-supervised-34895.pth,-1,-1,-1,-1,-1,-1,-1,-1,epoch,2,70086,val,0.1932,0.8575,0.8574,0.9369,0.9242,0.894,mean,1,-1,-1,-1,-1
pathmnist,supervised,full_train_set,34895,pathmnist-final_supervised-supervised-34895.pth,-1,-1,-1,-1,-1,-1,-1,-1,epoch,3,70086,val,0.1802,0.8126,0.8072,0.929,0.9043,0.8633,mean,0,-1,-1,-1,-1
pathmnist,supervised,full_train_set,34895,pathmnist-final_supervised-supervised-34895.pth,-1,-1,-1,-1,-1,-1,-1,-1,epoch,4,70086,val,0.1402,0.7515,0.729,0.8863,0.8833,0.8125,mean,0,-1,-1,-1,-1
pathmnist,supervised,full_train_set,34895,pathmnist-final_supervised-supervised-34895.pth,-1,-1,-1,-1,-1,-1,-1,-1,epoch,5,70086,val,0.1236,0.9485,0.9484,0.9891,0.9869,0.9682,mean,1,-1,-1,-1,-1
pathmnist,supervised,full_train_set,34895,pathmnist-final_supervised-supervised-34895.pth,-1,-1,-1,-1,-1,-1,-1,-1,epoch,6,70086,val,0.1024,0.9285,0.9278,0.9835,0.9806,0.9551,mean,0,-1,-1,-1,-1
pathmnist,supervised,full_train_set,34895,pathmnist-final_supervised-supervised-34895.pth,-1,-1,-1,-1,-1,-1,-1,-1,epoch,7,70086,val,0.0893,0.6576,0.5919,0.9259,0.9063,0.7704,mean,0,-1,-1,-1,-1
pathmnist,supervised,full_train_set,34895,pathmnist-final_supervised-supervised-34895.pth,-1,-1,-1,-1,-1,-1,-1,-1,epoch,8,70086,val,0.0837,0.9498,0.9495,0.9898,0.9879,0.9693,mean,1,-1,-1,-1,-1
pathmnist,supervised,full_train_set,34895,pathmnist-final_supervised-supervised-34895.pth,-1,-1,-1,-1,-1,-1,-1,-1,epoch,9,70086,val,0.066,0.86,0.8553,0.9617,0.9595,0.9091,mean,0,-1,-1,-1,-1
pathmnist,supervised,full_train_set,34895,pathmnist-final_supervised-supervised-34895.pth,-1,-1,-1,-1,-1,-1,-1,-1,epoch,10,70086,val,0.0571,0.8574,0.8555,0.9448,0.9373,0.8988,mean,0,-1,-1,-1,-1
pathmnist,supervised,full_train_set,34895,pathmnist-final_supervised-supervised-34895.pth,-1,-1,-1,-1,-1,-1,-1,-1,epoch,11,70086,val,0.0526,0.9009,0.9009,0.9776,0.9725,0.938,mean,0,-1,-1,-1,-1
pathmnist,supervised,full_train_set,34895,pathmnist-final_supervised-supervised-34895.pth,-1,-1,-1,-1,-1,-1,-1,-1,epoch,12,70086,val,0.0465,0.9326,0.9318,0.9863,0.9838,0.9586,mean,0,-1,-1,-1,-1
pathmnist,supervised,full_train_set,34895,pathmnist-final_supervised-supervised-34895.pth,-1,-1,-1,-1,-1,-1,-1,-1,epoch,13,70086,val,0.0392,0.7228,0.7001,0.8487,0.8241,0.7739,mean,0,-1,-1,-1,-1
pathmnist,supervised,full_train_set,34895,pathmnist-final_supervised-supervised-34895.pth,-1,-1,-1,-1,-1,-1,-1,-1,final,-1,70086,test,-1,0.9116,0.9051,0.9586,0.9269,,mean,-1,1856,367,3339,137
pathmnist,supervised,full_train_set,148932,pathmnist-final_supervised-supervised-148932.pth,-1,-1,-1,-1,-1,-1,-1,-1,epoch,1,70086,val,0.2684,0.8174,0.8147,0.8981,0.8967,0.8567,mean,1,-1,-1,-1,-1
pathmnist,supervised,full_train_set,148932,pathmnist-final_supervised-supervised-148932.pth,-1,-1,-1,-1,-1,-1,-1,-1,epoch,2,70086,val,0.1806,0.8849,0.8849,0.9677,0.9626,0.925,mean,1,-1,-1,-1,-1
pathmnist,supervised,full_train_set,148932,pathmnist-final_supervised-supervised-148932.pth,-1,-1,-1,-1,-1,-1,-1,-1,epoch,3,70086,val,0.1457,0.8995,0.8983,0.9713,0.9654,0.9336,mean,1,-1,-1,-1,-1
pathmnist,supervised,full_train_set,148932,pathmnist-final_supervised-supervised-148932.pth,-1,-1,-1,-1,-1,-1,-1,-1,epoch,4,70086,val,0.1273,0.8326,0.8323,0.9088,0.8817,0.8639,mean,0,-1,-1,-1,-1
pathmnist,supervised,full_train_set,148932,pathmnist-final_supervised-supervised-148932.pth,-1,-1,-1,-1,-1,-1,-1,-1,epoch,5,70086,val,0.3436,0.8959,0.8955,0.9575,0.9357,0.9212,mean,0,-1,-1,-1,-1
pathmnist,supervised,full_train_set,148932,pathmnist-final_supervised-supervised-148932.pth,-1,-1,-1,-1,-1,-1,-1,-1,epoch,6,70086,val,0.2175,0.9019,0.9019,0.9737,0.9692,0.9367,mean,1,-1,-1,-1,-1
pathmnist,supervised,full_train_set,148932,pathmnist-final_supervised-supervised-148932.pth,-1,-1,-1,-1,-1,-1,-1,-1,epoch,7,70086,val,0.145,0.7736,0.7733,0.8666,0.8303,0.811,mean,0,-1,-1,-1,-1
pathmnist,supervised,full_train_set,148932,pathmnist-final_supervised-supervised-148932.pth,-1,-1,-1,-1,-1,-1,-1,-1,epoch,8,70086,val,0.1117,0.936,0.9352,0.9888,0.9869,0.9617,mean,1,-1,-1,-1,-1
pathmnist,supervised,full_train_set,148932,pathmnist-final_supervised-supervised-148932.pth,-1,-1,-1,-1,-1,-1,-1,-1,epoch,9,70086,val,0.0951,0.8954,0.8954,0.9705,0.9668,0.932,mean,0,-1,-1,-1,-1
pathmnist,supervised,full_train_set,148932,pathmnist-final_supervised-supervised-148932.pth,-1,-1,-1,-1,-1,-1,-1,-1,epoch,10,70086,val,0.0836,0.8919,0.8907,0.9669,0.9592,0.9272,mean,0,-1,-1,-1,-1
pathmnist,supervised,full_train_set,148932,pathmnist-final_supervised-supervised-148932.pth,-1,-1,-1,-1,-1,-1,-1,-1,epoch,11,70086,val,0.0751,0.9143,0.9143,0.9807,0.976,0.9463,mean,0,-1,-1,-1,-1
pathmnist,supervised,full_train_set,148932,pathmnist-final_supervised-supervised-148932.pth,-1,-1,-1,-1,-1,-1,-1,-1,epoch,12,70086,val,0.0626,0.8011,0.7896,0.9379,0.9307,0.8648,mean,0,-1,-1,-1,-1
pathmnist,supervised,full_train_set,148932,pathmnist-final_supervised-supervised-148932.pth,-1,-1,-1,-1,-1,-1,-1,-1,epoch,13,70086,val,0.0592,0.8584,0.8557,0.947,0.9335,0.8987,mean,0,-1,-1,-1,-1
pathmnist,supervised,full_train_set,148932,pathmnist-final_supervised-supervised-148932.pth,-1,-1,-1,-1,-1,-1,-1,-1,final,-1,70086,test,-1,0.9095,0.9017,0.971,0.9529,,mean,-1,1791,314,3392,202
pneumoniamnist,supervised,full_train_set,17,pneumoniamnist-final_supervised-supervised-17.pth,-1,-1,-1,-1,-1,-1,-1,-1,epoch,1,4708,val,0.2142,0.9065,0.8858,0.9828,0.9938,0.9422,mean,1,-1,-1,-1,-1
pneumoniamnist,supervised,full_train_set,17,pneumoniamnist-final_supervised-supervised-17.pth,-1,-1,-1,-1,-1,-1,-1,-1,epoch,2,4708,val,0.1316,0.9695,0.9595,0.9919,0.9971,0.9795,mean,1,-1,-1,-1,-1
pneumoniamnist,supervised,full_train_set,17,pneumoniamnist-final_supervised-supervised-17.pth,-1,-1,-1,-1,-1,-1,-1,-1,epoch,3,4708,val,0.0962,0.9427,0.9282,0.9938,0.9978,0.9656,mean,0,-1,-1,-1,-1
pneumoniamnist,supervised,full_train_set,17,pneumoniamnist-final_supervised-supervised-17.pth,-1,-1,-1,-1,-1,-1,-1,-1,epoch,4,4708,val,0.1034,0.8473,0.8274,0.9883,0.9953,0.9146,mean,0,-1,-1,-1,-1
pneumoniamnist,supervised,full_train_set,17,pneumoniamnist-final_supervised-supervised-17.pth,-1,-1,-1,-1,-1,-1,-1,-1,epoch,5,4708,val,0.0773,0.9656,0.9544,0.9943,0.9981,0.9781,mean,0,-1,-1,-1,-1
pneumoniamnist,supervised,full_train_set,17,pneumoniamnist-final_supervised-supervised-17.pth,-1,-1,-1,-1,-1,-1,-1,-1,epoch,6,4708,val,0.0752,0.9256,0.8917,0.9951,0.9983,0.9527,mean,0,-1,-1,-1,-1
pneumoniamnist,supervised,full_train_set,17,pneumoniamnist-final_supervised-supervised-17.pth,-1,-1,-1,-1,-1,-1,-1,-1,epoch,7,4708,val,0.057,0.9656,0.9544,0.9957,0.9985,0.9786,mean,0,-1,-1,-1,-1
pneumoniamnist,supervised,full_train_set,17,pneumoniamnist-final_supervised-supervised-17.pth,-1,-1,-1,-1,-1,-1,-1,-1,final,-1,4708,test,-1,0.8542,0.8296,0.9442,0.9594,,mean,-1,385,86,148,5
pneumoniamnist,supervised,full_train_set,246,pneumoniamnist-final_supervised-supervised-246.pth,-1,-1,-1,-1,-1,-1,-1,-1,epoch,1,4708,val,0.1841,0.9637,0.9515,0.994,0.9979,0.9768,mean,1,-1,-1,-1,-1
pneumoniamnist,supervised,full_train_set,246,pneumoniamnist-final_supervised-supervised-246.pth,-1,-1,-1,-1,-1,-1,-1,-1,epoch,2,4708,val,0.1119,0.9599,0.9464,0.9909,0.997,0.9736,mean,0,-1,-1,-1,-1
pneumoniamnist,supervised,full_train_set,246,pneumoniamnist-final_supervised-supervised-246.pth,-1,-1,-1,-1,-1,-1,-1,-1,epoch,3,4708,val,0.1024,0.9504,0.9313,0.9949,0.9983,0.9687,mean,0,-1,-1,-1,-1
pneumoniamnist,supervised,full_train_set,246,pneumoniamnist-final_supervised-supervised-246.pth,-1,-1,-1,-1,-1,-1,-1,-1,epoch,4,4708,val,0.0863,0.8969,0.8436,0.9867,0.9949,0.9305,mean,0,-1,-1,-1,-1
pneumoniamnist,supervised,full_train_set,246,pneumoniamnist-final_supervised-supervised-246.pth,-1,-1,-1,-1,-1,-1,-1,-1,epoch,5,4708,val,0.0655,0.9275,0.8955,0.9938,0.9979,0.9537,mean,0,-1,-1,-1,-1
pneumoniamnist,supervised,full_train_set,246,pneumoniamnist-final_supervised-supervised-246.pth,-1,-1,-1,-1,-1,-1,-1,-1,epoch,6,4708,val,0.0779,0.9103,0.8937,0.9955,0.9985,0.9495,mean,0,-1,-1,-1,-1
pneumoniamnist,supervised,full_train_set,246,pneumoniamnist-final_supervised-supervised-246.pth,-1,-1,-1,-1,-1,-1,-1,-1,final,-1,4708,test,-1,0.8349,0.8018,0.9498,0.9573,,mean,-1,388,101,133,2
pneumoniamnist,supervised,full_train_set,9012,pneumoniamnist-final_supervised-supervised-9012.pth,-1,-1,-1,-1,-1,-1,-1,-1,epoch,1,4708,val,0.2148,0.9561,0.9419,0.9897,0.9965,0.971,mean,1,-1,-1,-1,-1
pneumoniamnist,supervised,full_train_set,9012,pneumoniamnist-final_supervised-supervised-9012.pth,-1,-1,-1,-1,-1,-1,-1,-1,epoch,2,4708,val,0.123,0.958,0.9425,0.9934,0.9978,0.9729,mean,1,-1,-1,-1,-1
pneumoniamnist,supervised,full_train_set,9012,pneumoniamnist-final_supervised-supervised-9012.pth,-1,-1,-1,-1,-1,-1,-1,-1,epoch,3,4708,val,0.1122,0.7118,0.7003,0.9816,0.9938,0.8469,mean,0,-1,-1,-1,-1
pneumoniamnist,supervised,full_train_set,9012,pneumoniamnist-final_supervised-supervised-9012.pth,-1,-1,-1,-1,-1,-1,-1,-1,epoch,4,4708,val,0.0992,0.9656,0.9535,0.9961,0.9987,0.9785,mean,1,-1,-1,-1,-1
pneumoniamnist,supervised,full_train_set,9012,pneumoniamnist-final_supervised-supervised-9012.pth,-1,-1,-1,-1,-1,-1,-1,-1,epoch,5,4708,val,0.0906,0.7729,0.5396,0.9777,0.9922,0.8206,mean,0,-1,-1,-1,-1
pneumoniamnist,supervised,full_train_set,9012,pneumoniamnist-final_supervised-supervised-9012.pth,-1,-1,-1,-1,-1,-1,-1,-1,epoch,6,4708,val,0.078,0.9656,0.9535,0.9925,0.9973,0.9772,mean,0,-1,-1,-1,-1
pneumoniamnist,supervised,full_train_set,9012,pneumoniamnist-final_supervised-supervised-9012.pth,-1,-1,-1,-1,-1,-1,-1,-1,epoch,7,4708,val,0.0629,0.9637,0.9518,0.9939,0.9979,0.9768,mean,0,-1,-1,-1,-1
pneumoniamnist,supervised,full_train_set,9012,pneumoniamnist-final_supervised-supervised-9012.pth,-1,-1,-1,-1,-1,-1,-1,-1,epoch,8,4708,val,0.0574,0.8721,0.8535,0.9943,0.9981,0.9295,mean,0,-1,-1,-1,-1
pneumoniamnist,supervised,full_train_set,9012,pneumoniamnist-final_supervised-supervised-9012.pth,-1,-1,-1,-1,-1,-1,-1,-1,epoch,9,4708,val,0.0512,0.9351,0.9076,0.9963,0.9987,0.9594,mean,0,-1,-1,-1,-1
pneumoniamnist,supervised,full_train_set,9012,pneumoniamnist-final_supervised-supervised-9012.pth,-1,-1,-1,-1,-1,-1,-1,-1,final,-1,4708,test,-1,0.8189,0.7776,0.9506,0.9562,,mean,-1,390,113,121,0
pneumoniamnist,supervised,full_train_set,34895,pneumoniamnist-final_supervised-supervised-34895.pth,-1,-1,-1,-1,-1,-1,-1,-1,epoch,1,4708,val,0.2173,0.9256,0.893,0.9855,0.9945,0.9497,mean,1,-1,-1,-1,-1
pneumoniamnist,supervised,full_train_set,34895,pneumoniamnist-final_supervised-supervised-34895.pth,-1,-1,-1,-1,-1,-1,-1,-1,epoch,2,4708,val,0.1312,0.9618,0.951,0.9895,0.9963,0.9747,mean,1,-1,-1,-1,-1
pneumoniamnist,supervised,full_train_set,34895,pneumoniamnist-final_supervised-supervised-34895.pth,-1,-1,-1,-1,-1,-1,-1,-1,epoch,3,4708,val,0.0981,0.9275,0.8955,0.9915,0.997,0.9529,mean,0,-1,-1,-1,-1
pneumoniamnist,supervised,full_train_set,34895,pneumoniamnist-final_supervised-supervised-34895.pth,-1,-1,-1,-1,-1,-1,-1,-1,epoch,4,4708,val,0.0915,0.8969,0.8447,0.985,0.9945,0.9303,mean,0,-1,-1,-1,-1
pneumoniamnist,supervised,full_train_set,34895,pneumoniamnist-final_supervised-supervised-34895.pth,-1,-1,-1,-1,-1,-1,-1,-1,epoch,5,4708,val,0.08,0.9676,0.9559,0.9945,0.9981,0.979,mean,1,-1,-1,-1,-1
pneumoniamnist,supervised,full_train_set,34895,pneumoniamnist-final_supervised-supervised-34895.pth,-1,-1,-1,-1,-1,-1,-1,-1,epoch,6,4708,val,0.0619,0.9332,0.9188,0.9938,0.9979,0.9609,mean,0,-1,-1,-1,-1
pneumoniamnist,supervised,full_train_set,34895,pneumoniamnist-final_supervised-supervised-34895.pth,-1,-1,-1,-1,-1,-1,-1,-1,epoch,7,4708,val,0.0696,0.9504,0.9348,0.9902,0.9967,0.968,mean,0,-1,-1,-1,-1
pneumoniamnist,supervised,full_train_set,34895,pneumoniamnist-final_supervised-supervised-34895.pth,-1,-1,-1,-1,-1,-1,-1,-1,epoch,8,4708,val,0.0611,0.9447,0.9282,0.989,0.9962,0.9645,mean,0,-1,-1,-1,-1
pneumoniamnist,supervised,full_train_set,34895,pneumoniamnist-final_supervised-supervised-34895.pth,-1,-1,-1,-1,-1,-1,-1,-1,epoch,9,4708,val,0.0458,0.9065,0.8604,0.9929,0.9975,0.9393,mean,0,-1,-1,-1,-1
pneumoniamnist,supervised,full_train_set,34895,pneumoniamnist-final_supervised-supervised-34895.pth,-1,-1,-1,-1,-1,-1,-1,-1,epoch,10,4708,val,0.0581,0.937,0.9116,0.9934,0.9978,0.96,mean,0,-1,-1,-1,-1
pneumoniamnist,supervised,full_train_set,34895,pneumoniamnist-final_supervised-supervised-34895.pth,-1,-1,-1,-1,-1,-1,-1,-1,final,-1,4708,test,-1,0.8109,0.7665,0.9485,0.9595,,mean,-1,389,117,117,1
pneumoniamnist,supervised,full_train_set,148932,pneumoniamnist-final_supervised-supervised-148932.pth,-1,-1,-1,-1,-1,-1,-1,-1,epoch,1,4708,val,0.2197,0.9523,0.9384,0.9905,0.9968,0.9695,mean,1,-1,-1,-1,-1
pneumoniamnist,supervised,full_train_set,148932,pneumoniamnist-final_supervised-supervised-148932.pth,-1,-1,-1,-1,-1,-1,-1,-1,epoch,2,4708,val,0.1314,0.8836,0.819,0.9888,0.9963,0.9219,mean,0,-1,-1,-1,-1
pneumoniamnist,supervised,full_train_set,148932,pneumoniamnist-final_supervised-supervised-148932.pth,-1,-1,-1,-1,-1,-1,-1,-1,epoch,3,4708,val,0.1044,0.9561,0.941,0.9926,0.9975,0.9718,mean,1,-1,-1,-1,-1
pneumoniamnist,supervised,full_train_set,148932,pneumoniamnist-final_supervised-supervised-148932.pth,-1,-1,-1,-1,-1,-1,-1,-1,epoch,4,4708,val,0.0873,0.9637,0.9505,0.9938,0.9979,0.9765,mean,1,-1,-1,-1,-1
pneumoniamnist,supervised,full_train_set,148932,pneumoniamnist-final_supervised-supervised-148932.pth,-1,-1,-1,-1,-1,-1,-1,-1,epoch,5,4708,val,0.0848,0.9676,0.9566,0.9947,0.9982,0.9793,mean,1,-1,-1,-1,-1
pneumoniamnist,supervised,full_train_set,148932,pneumoniamnist-final_supervised-supervised-148932.pth,-1,-1,-1,-1,-1,-1,-1,-1,epoch,6,4708,val,0.0698,0.916,0.9,0.9933,0.9977,0.9517,mean,0,-1,-1,-1,-1
pneumoniamnist,supervised,full_train_set,148932,pneumoniamnist-final_supervised-supervised-148932.pth,-1,-1,-1,-1,-1,-1,-1,-1,epoch,7,4708,val,0.0653,0.9332,0.9046,0.9928,0.9975,0.957,mean,0,-1,-1,-1,-1
pneumoniamnist,supervised,full_train_set,148932,pneumoniamnist-final_supervised-supervised-148932.pth,-1,-1,-1,-1,-1,-1,-1,-1,epoch,8,4708,val,0.0608,0.9676,0.9573,0.9947,0.9983,0.9795,mean,1,-1,-1,-1,-1
pneumoniamnist,supervised,full_train_set,148932,pneumoniamnist-final_supervised-supervised-148932.pth,-1,-1,-1,-1,-1,-1,-1,-1,epoch,9,4708,val,0.0551,0.916,0.8988,0.9909,0.9968,0.9506,mean,0,-1,-1,-1,-1
pneumoniamnist,supervised,full_train_set,148932,pneumoniamnist-final_supervised-supervised-148932.pth,-1,-1,-1,-1,-1,-1,-1,-1,epoch,10,4708,val,0.046,0.9695,0.9605,0.996,0.9986,0.9811,mean,1,-1,-1,-1,-1
pneumoniamnist,supervised,full_train_set,148932,pneumoniamnist-final_supervised-supervised-148932.pth,-1,-1,-1,-1,-1,-1,-1,-1,epoch,11,4708,val,0.0531,0.9733,0.9651,0.9953,0.9986,0.9831,mean,1,-1,-1,-1,-1
pneumoniamnist,supervised,full_train_set,148932,pneumoniamnist-final_supervised-supervised-148932.pth,-1,-1,-1,-1,-1,-1,-1,-1,epoch,12,4708,val,0.044,0.9561,0.9425,0.9934,0.9978,0.9724,mean,0,-1,-1,-1,-1
pneumoniamnist,supervised,full_train_set,148932,pneumoniamnist-final_supervised-supervised-148932.pth,-1,-1,-1,-1,-1,-1,-1,-1,epoch,13,4708,val,0.0688,0.7958,0.6113,0.952,0.9789,0.8345,mean,0,-1,-1,-1,-1
pneumoniamnist,supervised,full_train_set,148932,pneumoniamnist-final_supervised-supervised-148932.pth,-1,-1,-1,-1,-1,-1,-1,-1,epoch,14,4708,val,0.0604,0.9427,0.9299,0.9955,0.9985,0.9667,mean,0,-1,-1,-1,-1
pneumoniamnist,supervised,full_train_set,148932,pneumoniamnist-final_supervised-supervised-148932.pth,-1,-1,-1,-1,-1,-1,-1,-1,epoch,15,4708,val,0.042,0.9637,0.9542,0.9963,0.9987,0.9782,mean,0,-1,-1,-1,-1
pneumoniamnist,supervised,full_train_set,148932,pneumoniamnist-final_supervised-supervised-148932.pth,-1,-1,-1,-1,-1,-1,-1,-1,epoch,16,4708,val,0.0303,0.9656,0.9555,0.9958,0.9986,0.9789,mean,0,-1,-1,-1,-1
pneumoniamnist,supervised,full_train_set,148932,pneumoniamnist-final_supervised-supervised-148932.pth,-1,-1,-1,-1,-1,-1,-1,-1,final,-1,4708,test,-1,0.8718,0.8528,0.9675,0.9798,,mean,-1,384,74,160,6
